{
  "hash": "5f03f7f0",
  "configHash": "c9f11e08",
  "lockfileHash": "3ca80f11",
  "browserHash": "f40742a8",
  "optimized": {
    "@angular/common/http": {
      "src": "../../../../../node_modules/@angular/common/fesm2022/http.mjs",
      "file": "@angular_common_http.js",
      "fileHash": "522c061c",
      "needsInterop": false
    },
    "@angular/core": {
      "src": "../../../../../node_modules/@angular/core/fesm2022/core.mjs",
      "file": "@angular_core.js",
      "fileHash": "a160d887",
      "needsInterop": false
    },
    "@angular/platform-browser": {
      "src": "../../../../../node_modules/@angular/platform-browser/fesm2022/platform-browser.mjs",
      "file": "@angular_platform-browser.js",
      "fileHash": "d75af3f6",
      "needsInterop": false
    },
    "@angular/platform-browser/animations": {
      "src": "../../../../../node_modules/@angular/platform-browser/fesm2022/animations.mjs",
      "file": "@angular_platform-browser_animations.js",
      "fileHash": "2c131b83",
      "needsInterop": false
    },
    "@angular/router": {
      "src": "../../../../../node_modules/@angular/router/fesm2022/router.mjs",
      "file": "@angular_router.js",
      "fileHash": "3729fb21",
      "needsInterop": false
    },
    "mdb-angular-ui-kit/accordion": {
      "src": "../../../../../node_modules/mdb-angular-ui-kit/fesm2022/mdb-angular-ui-kit-accordion.mjs",
      "file": "mdb-angular-ui-kit_accordion.js",
      "fileHash": "da4a57af",
      "needsInterop": false
    },
    "mdb-angular-ui-kit/carousel": {
      "src": "../../../../../node_modules/mdb-angular-ui-kit/fesm2022/mdb-angular-ui-kit-carousel.mjs",
      "file": "mdb-angular-ui-kit_carousel.js",
      "fileHash": "6497fcbc",
      "needsInterop": false
    },
    "mdb-angular-ui-kit/checkbox": {
      "src": "../../../../../node_modules/mdb-angular-ui-kit/fesm2022/mdb-angular-ui-kit-checkbox.mjs",
      "file": "mdb-angular-ui-kit_checkbox.js",
      "fileHash": "82e8a554",
      "needsInterop": false
    },
    "mdb-angular-ui-kit/collapse": {
      "src": "../../../../../node_modules/mdb-angular-ui-kit/fesm2022/mdb-angular-ui-kit-collapse.mjs",
      "file": "mdb-angular-ui-kit_collapse.js",
      "fileHash": "ef1ad617",
      "needsInterop": false
    },
    "mdb-angular-ui-kit/dropdown": {
      "src": "../../../../../node_modules/mdb-angular-ui-kit/fesm2022/mdb-angular-ui-kit-dropdown.mjs",
      "file": "mdb-angular-ui-kit_dropdown.js",
      "fileHash": "1d060f37",
      "needsInterop": false
    },
    "mdb-angular-ui-kit/forms": {
      "src": "../../../../../node_modules/mdb-angular-ui-kit/fesm2022/mdb-angular-ui-kit-forms.mjs",
      "file": "mdb-angular-ui-kit_forms.js",
      "fileHash": "af02e102",
      "needsInterop": false
    },
    "mdb-angular-ui-kit/modal": {
      "src": "../../../../../node_modules/mdb-angular-ui-kit/fesm2022/mdb-angular-ui-kit-modal.mjs",
      "file": "mdb-angular-ui-kit_modal.js",
      "fileHash": "f8f04f01",
      "needsInterop": false
    },
    "mdb-angular-ui-kit/popover": {
      "src": "../../../../../node_modules/mdb-angular-ui-kit/fesm2022/mdb-angular-ui-kit-popover.mjs",
      "file": "mdb-angular-ui-kit_popover.js",
      "fileHash": "88367c18",
      "needsInterop": false
    },
    "mdb-angular-ui-kit/radio": {
      "src": "../../../../../node_modules/mdb-angular-ui-kit/fesm2022/mdb-angular-ui-kit-radio.mjs",
      "file": "mdb-angular-ui-kit_radio.js",
      "fileHash": "9ff6d1d6",
      "needsInterop": false
    },
    "mdb-angular-ui-kit/range": {
      "src": "../../../../../node_modules/mdb-angular-ui-kit/fesm2022/mdb-angular-ui-kit-range.mjs",
      "file": "mdb-angular-ui-kit_range.js",
      "fileHash": "e4873e34",
      "needsInterop": false
    },
    "mdb-angular-ui-kit/ripple": {
      "src": "../../../../../node_modules/mdb-angular-ui-kit/fesm2022/mdb-angular-ui-kit-ripple.mjs",
      "file": "mdb-angular-ui-kit_ripple.js",
      "fileHash": "3c881399",
      "needsInterop": false
    },
    "mdb-angular-ui-kit/scrollspy": {
      "src": "../../../../../node_modules/mdb-angular-ui-kit/fesm2022/mdb-angular-ui-kit-scrollspy.mjs",
      "file": "mdb-angular-ui-kit_scrollspy.js",
      "fileHash": "7a1abaaf",
      "needsInterop": false
    },
    "mdb-angular-ui-kit/tabs": {
      "src": "../../../../../node_modules/mdb-angular-ui-kit/fesm2022/mdb-angular-ui-kit-tabs.mjs",
      "file": "mdb-angular-ui-kit_tabs.js",
      "fileHash": "a20740ff",
      "needsInterop": false
    },
    "mdb-angular-ui-kit/tooltip": {
      "src": "../../../../../node_modules/mdb-angular-ui-kit/fesm2022/mdb-angular-ui-kit-tooltip.mjs",
      "file": "mdb-angular-ui-kit_tooltip.js",
      "fileHash": "575a6623",
      "needsInterop": false
    },
    "mdb-angular-ui-kit/validation": {
      "src": "../../../../../node_modules/mdb-angular-ui-kit/fesm2022/mdb-angular-ui-kit-validation.mjs",
      "file": "mdb-angular-ui-kit_validation.js",
      "fileHash": "c60d8ffa",
      "needsInterop": false
    },
    "@angular/forms": {
      "src": "../../../../../node_modules/@angular/forms/fesm2022/forms.mjs",
      "file": "@angular_forms.js",
      "fileHash": "10750a36",
      "needsInterop": false
    },
    "@angular/common": {
      "src": "../../../../../node_modules/@angular/common/fesm2022/common.mjs",
      "file": "@angular_common.js",
      "fileHash": "bb33dd65",
      "needsInterop": false
    }
  },
  "chunks": {
    "chunk-OSK3OSU5": {
      "file": "chunk-OSK3OSU5.js"
    },
    "chunk-HL3VB7ZT": {
      "file": "chunk-HL3VB7ZT.js"
    },
    "chunk-YMB4HNA6": {
      "file": "chunk-YMB4HNA6.js"
    },
    "chunk-GQKLBQR3": {
      "file": "chunk-GQKLBQR3.js"
    },
    "chunk-LXNT72ZS": {
      "file": "chunk-LXNT72ZS.js"
    },
    "chunk-LXXDIETK": {
      "file": "chunk-LXXDIETK.js"
    },
    "chunk-KVYMGB3N": {
      "file": "chunk-KVYMGB3N.js"
    },
    "chunk-UELPITTL": {
      "file": "chunk-UELPITTL.js"
    },
    "chunk-ZCSSI6QH": {
      "file": "chunk-ZCSSI6QH.js"
    },
    "chunk-ZSA2TJZ6": {
      "file": "chunk-ZSA2TJZ6.js"
    },
    "chunk-WUW3RJ2V": {
      "file": "chunk-WUW3RJ2V.js"
    },
    "chunk-ADH4PDVA": {
      "file": "chunk-ADH4PDVA.js"
    },
    "chunk-DHH25WY3": {
      "file": "chunk-DHH25WY3.js"
    }
  }
}